{"cameraMode":{"drawMode":0,"name":"Shaded","section":"Shading Mode"},"sceneLighting":false,"audioPlay":false,"sceneViewState":{"showFog":true,"showMaterialUpdate":false,"showSkybox":false,"showFlares":true,"showImageEffects":true,"showParticleSystems":true},"in2DMode":false,"pivot":{"x":6.54530668258667,"y":0.6886323690414429,"z":-0.491349995136261},"rotation":{"x":0.3569164574146271,"y":-0.5780159831047058,"z":0.3103146255016327,"w":0.6650383472442627},"size":6.400806427001953,"orthographic":false}