{"cameraMode":{"drawMode":0,"name":"Shaded","section":"Shading Mode"},"sceneLighting":false,"audioPlay":false,"sceneViewState":{"showFog":true,"showMaterialUpdate":false,"showSkybox":false,"showFlares":true,"showImageEffects":true,"showParticleSystems":true},"in2DMode":false,"pivot":{"x":5.519999980926514,"y":0.026906490325927736,"z":-0.1412515640258789},"rotation":{"x":0.28255555033683779,"y":-0.2205221951007843,"z":0.06700399518013,"w":0.9311996102333069},"size":4.443545818328857,"orthographic":false}