{"cameraMode":{"drawMode":0,"name":"Shaded","section":"Shading Mode"},"sceneLighting":false,"audioPlay":false,"sceneViewState":{"showFog":false,"showMaterialUpdate":false,"showSkybox":false,"showFlares":false,"showImageEffects":false,"showParticleSystems":false},"in2DMode":false,"pivot":{"x":3.0823440551757814,"y":-0.3319999873638153,"z":0.4515700340270996},"rotation":{"x":0.2782648801803589,"y":-0.6374150514602661,"z":0.2659945487976074,"w":0.6675739884376526},"size":23.334524154663087,"orthographic":true}