{"cameraMode":{"drawMode":0,"name":"Shaded","section":"Shading Mode"},"sceneLighting":false,"audioPlay":false,"sceneViewState":{"showFog":false,"showMaterialUpdate":false,"showSkybox":false,"showFlares":false,"showImageEffects":false,"showParticleSystems":false},"in2DMode":false,"pivot":{"x":0.19261609017848969,"y":-0.7143549919128418,"z":0.5925873517990112},"rotation":{"x":0.2782648801803589,"y":-0.6374150514602661,"z":0.2659945487976074,"w":0.6675739884376526},"size":2.85788631439209,"orthographic":true}