{"cameraMode":{"drawMode":0,"name":"Shaded","section":"Shading Mode"},"sceneLighting":false,"audioPlay":false,"sceneViewState":{"showFog":false,"showMaterialUpdate":false,"showSkybox":false,"showFlares":false,"showImageEffects":false,"showParticleSystems":false},"in2DMode":false,"pivot":{"x":-0.028665989637374879,"y":0.7316043376922607,"z":0.8830944895744324},"rotation":{"x":0.2782648801803589,"y":-0.6374150514602661,"z":0.2659945487976074,"w":0.6675739884376526},"size":2.357788562774658,"orthographic":true}