{"cameraMode":{"drawMode":0,"name":"Shaded","section":"Shading Mode"},"sceneLighting":false,"audioPlay":false,"sceneViewState":{"showFog":false,"showMaterialUpdate":false,"showSkybox":false,"showFlares":false,"showImageEffects":false,"showParticleSystems":false},"in2DMode":false,"pivot":{"x":2.270541191101074,"y":1.0299999713897706,"z":-2.940000057220459},"rotation":{"x":0.2782648801803589,"y":-0.6374150514602661,"z":0.2659945487976074,"w":0.6675739884376526},"size":4.041658401489258,"orthographic":true}